{
  "version": 1,
  "author": "Uri Shaked",
  "editor": "wokwi",
  "parts": [
    { "type": "wokwi-arduino-uno", "id": "uno", "top": 0, "left": 0, "attrs": {} },
    {
      "type": "wokwi-rgb-led",
      "id": "rgb1",
      "top": -122.06,
      "left": 98.02,
      "attrs": { "common": "cathode" }
    }
  ],
  "connections": [
    [ "uno:GND.1", "rgb1:COM", "black", [ "v-50", "h15" ] ],
    [ "rgb1:G", "uno:11", "green", [ "v42", "h77" ] ],
    [ "rgb1:B", "uno:9", "blue", [ "v40", "h57" ] ],
    [ "rgb1:R", "uno:10", "orange", [ "v52", "h121" ] ]
  ],
  "dependencies": {}
}